{"cameraMode":{"drawMode":0,"name":"Shaded","section":"Shading Mode"},"sceneLighting":false,"audioPlay":false,"sceneViewState":{"showFog":true,"showMaterialUpdate":false,"showSkybox":false,"showFlares":true,"showImageEffects":true,"showParticleSystems":true},"in2DMode":false,"pivot":{"x":20.824806213378908,"y":-23.057153701782228,"z":-31.741910934448243},"rotation":{"x":0.527952253818512,"y":-0.053438350558280948,"z":0.03329429402947426,"w":0.8469637036323547},"size":73.0325927734375,"orthographic":false}