{"cameraMode":{"drawMode":0,"name":"Shaded","section":"Shading Mode"},"sceneLighting":false,"audioPlay":false,"sceneViewState":{"showFog":true,"showMaterialUpdate":false,"showSkybox":false,"showFlares":true,"showImageEffects":true,"showParticleSystems":true},"in2DMode":false,"pivot":{"x":3.159672737121582,"y":-0.46075114607810976,"z":-2.9472644329071047},"rotation":{"x":-0.06306453049182892,"y":-0.9369801878929138,"z":0.2454519420862198,"w":-0.24066278338432313},"size":7.6349592208862309,"orthographic":false}