{"cameraMode":{"drawMode":0,"name":"Shaded","section":"Shading Mode"},"sceneLighting":false,"audioPlay":false,"sceneViewState":{"showFog":true,"showMaterialUpdate":false,"showSkybox":false,"showFlares":true,"showImageEffects":true,"showParticleSystems":true},"in2DMode":false,"pivot":{"x":0.5966346859931946,"y":0.17411790788173676,"z":-0.06433457136154175},"rotation":{"x":0.04044037684798241,"y":0.6957566142082214,"z":-0.039284881204366687,"w":0.7160900831222534},"size":2.085521697998047,"orthographic":false}