{"cameraMode":{"drawMode":0,"name":"Shaded","section":"Shading Mode"},"sceneLighting":false,"audioPlay":false,"sceneViewState":{"showFog":true,"showMaterialUpdate":false,"showSkybox":false,"showFlares":true,"showImageEffects":true,"showParticleSystems":true},"in2DMode":false,"pivot":{"x":-8.640000343322754,"y":5.557828426361084,"z":9.247926712036133},"rotation":{"x":0.18105509877204896,"y":-0.7989506125450134,"z":0.2936572730541229,"w":0.4926936626434326},"size":4.964648723602295,"orthographic":false}